Student_ID,Attendance_%,CGPA,Backlogs,ExtraCurricular_Score,Stress_Level_1_10,Study_Hours_per_Day,Family_Support_1_10,Personality_Score_1_10,Mentorship_Visits,Peer_Support_Index_1_10,Dropout
S0001,62.0,6.1,1,3.2,8.8,3.0,5.3,6.7,0,6.6,1
S0002,87.0,7.68,2,4.1,7.9,1.7,7.3,7.0,3,5.7,0
S0003,78.4,7.86,0,1.1,7.7,1.5,7.7,9.4,1,5.8,0
S0004,56.9,5.8,3,3.1,3.9,1.2,5.6,3.3,2,8.0,1
S0005,68.1,7.57,1,5.1,4.1,3.3,7.6,6.4,5,7.9,0
S0006,94.8,4.76,1,5.6,5.3,2.4,7.5,3.0,2,8.1,0
S0007,45.9,6.76,3,6.1,8.0,2.2,8.1,5.0,3,6.5,0
S0008,69.9,5.64,2,4.9,7.5,2.6,5.0,5.6,2,4.8,1
S0009,90.2,6.03,4,3.8,7.7,3.3,4.2,3.2,5,7.3,1
S0010,64.6,5.47,0,7.4,9.4,3.9,3.9,7.7,1,5.4,1
S0011,66.9,7.66,1,7.7,3.6,1.3,3.4,5.5,0,3.6,0
S0012,73.9,7.66,0,0.0,3.1,1.4,6.8,5.3,4,7.1,0
S0013,92.9,6.17,2,4.2,5.8,1.3,5.7,1.9,2,6.2,1
S0014,67.3,7.45,1,4.4,6.4,2.4,4.6,9.4,2,6.6,1
S0015,69.7,7.31,0,4.2,8.6,2.9,3.4,8.1,1,5.9,0
S0016,69.8,6.85,1,3.0,4.3,1.4,6.3,5.0,2,7.2,1
S0017,100.0,9.59,3,2.8,10.0,1.7,8.0,6.9,2,7.4,0
S0018,100.0,5.99,1,0.7,1.3,1.2,6.8,7.4,0,8.4,0
S0019,87.0,7.02,1,5.9,6.4,1.3,8.8,7.2,2,5.2,0
S0020,79.6,6.54,3,8.2,3.5,1.9,6.3,6.0,4,7.3,0
S0021,83.8,6.55,0,5.9,5.4,1.5,4.8,4.6,3,6.4,0
S0022,92.9,7.19,0,6.6,1.0,1.9,8.2,4.8,1,7.3,0
S0023,63.8,6.65,1,5.5,6.0,1.3,6.8,5.1,1,3.2,1
S0024,89.1,5.97,2,7.6,5.8,2.2,8.2,8.0,3,5.1,0
S0025,60.0,7.15,1,6.0,2.0,2.8,5.8,4.0,0,2.2,0
S0026,67.3,8.42,1,5.1,7.4,2.1,6.5,5.4,4,8.9,0
S0027,85.9,8.13,1,6.4,7.7,3.1,6.7,6.5,2,5.2,0
S0028,57.9,7.24,1,0.0,5.3,1.9,4.9,8.2,5,6.5,1
S0029,73.3,6.12,5,4.7,1.2,1.1,7.0,7.4,1,7.6,1
S0030,64.7,7.22,1,8.8,8.1,2.1,3.8,2.7,7,6.4,0
S0031,71.9,8.3,2,8.6,2.8,4.6,7.9,8.0,1,2.7,0
S0032,41.4,8.43,0,3.3,5.0,2.5,5.3,4.5,2,8.1,0
S0033,53.7,7.43,1,5.1,3.3,3.2,5.1,5.2,0,5.5,0
S0034,66.6,6.56,1,5.5,8.3,3.2,5.3,4.1,5,8.5,0
S0035,86.1,6.76,1,0.1,7.6,2.0,8.0,5.2,1,1.0,0
S0036,72.9,7.93,3,1.7,4.4,3.1,4.5,7.5,1,5.2,0
S0037,75.0,7.82,3,8.3,8.2,1.9,4.3,4.9,3,7.0,0
S0038,83.3,4.89,0,5.9,10.0,3.0,5.9,6.3,1,6.7,1
S0039,64.4,7.79,2,2.9,6.7,3.4,9.5,3.6,3,3.0,1
S0040,78.4,7.85,0,2.7,4.2,2.9,10.0,7.3,3,10.0,0
S0041,65.3,5.94,0,5.8,5.4,2.6,5.1,5.0,0,3.3,1
S0042,54.3,6.08,1,3.7,7.4,2.3,6.5,3.9,3,6.9,0
S0043,70.3,6.09,0,7.1,5.6,1.4,10.0,4.8,2,6.0,1
S0044,81.9,6.18,0,4.2,6.7,2.2,7.5,6.4,2,3.4,1
S0045,79.1,5.3,2,3.0,4.2,3.0,3.1,3.1,3,6.9,1
S0046,74.9,7.38,3,4.9,8.7,1.1,7.2,4.7,1,5.3,0
S0047,100.0,6.06,1,4.3,6.3,1.4,6.2,7.3,4,6.3,0
S0048,80.0,6.92,3,4.6,6.7,1.8,5.8,6.7,2,3.8,1
S0049,86.7,6.4,1,4.4,3.9,1.5,8.8,3.5,5,4.6,0
S0050,100.0,7.31,0,4.0,3.4,2.3,5.9,2.1,4,5.0,0
S0051,59.5,5.79,0,2.7,6.0,2.0,6.6,4.4,1,5.4,1
S0052,62.5,7.29,2,3.5,4.6,2.4,5.6,6.0,1,6.4,1
S0053,95.9,7.47,0,6.8,5.3,3.4,10.0,9.2,1,4.9,0
S0054,65.4,7.99,1,7.6,8.2,2.8,3.1,1.3,1,3.1,0
S0055,75.4,9.36,2,6.5,3.1,3.5,9.3,6.7,1,6.1,0
S0056,87.8,4.49,1,1.1,6.4,3.7,8.5,3.2,1,4.5,1
S0057,85.7,7.38,0,2.6,6.3,2.8,5.8,5.2,3,3.3,1
S0058,96.1,6.15,0,8.6,8.8,3.1,6.2,5.0,2,6.0,0
S0059,92.9,4.69,2,6.3,6.2,2.5,6.1,6.8,3,3.8,1
S0060,87.8,8.01,0,6.5,5.6,2.1,2.9,8.9,2,7.2,0
S0061,65.7,8.6,0,8.2,3.3,2.6,4.9,4.3,4,4.9,0
S0062,84.5,6.53,1,6.2,6.4,3.5,7.0,4.8,2,5.9,0
S0063,78.8,7.25,4,5.1,6.6,2.2,3.3,5.7,1,4.8,0
S0064,59.1,6.92,5,4.6,8.4,1.5,8.5,2.7,4,7.1,1
S0065,92.0,7.52,0,6.7,6.0,3.0,4.6,3.9,4,5.6,0
S0066,84.7,8.06,2,4.4,6.5,2.9,5.5,9.1,1,3.2,1
S0067,75.5,7.41,4,3.9,1.8,2.5,9.0,9.0,1,6.4,0
S0068,72.2,7.41,0,6.4,5.2,3.1,7.6,7.0,2,6.1,0
S0069,60.6,8.51,1,4.2,4.5,1.7,4.8,7.4,1,10.0,1
S0070,77.4,6.8,0,5.6,4.1,2.9,4.2,5.4,1,4.4,1
S0071,80.6,8.11,2,6.4,6.1,3.2,6.0,5.9,2,4.7,1
S0072,65.0,6.01,4,7.1,6.1,4.4,4.7,2.9,3,6.2,1
S0073,88.9,8.93,2,5.2,7.6,1.8,10.0,7.6,2,6.8,0
S0074,61.8,7.89,1,7.6,2.7,2.3,5.3,4.7,3,4.7,0
S0075,49.5,6.52,3,6.5,8.3,2.4,3.8,4.9,2,3.0,1
S0076,87.5,4.46,0,6.8,6.1,1.8,5.4,4.3,1,5.5,0
S0077,70.2,7.0,2,5.0,4.2,1.7,2.8,6.5,1,5.6,0
S0078,73.5,5.58,1,3.6,5.8,2.5,2.8,5.8,3,6.6,0
S0079,64.9,7.36,1,6.8,2.9,3.3,8.7,5.7,1,3.9,0
S0080,55.7,8.74,0,5.3,7.9,1.6,7.2,8.3,2,5.6,0
S0081,90.1,7.19,1,6.8,6.9,3.1,2.2,4.4,2,9.1,0
S0082,66.7,6.79,1,5.2,8.1,3.3,8.3,6.7,0,7.1,1
S0083,94.9,7.41,1,4.2,8.0,3.3,4.8,5.3,6,7.4,0
S0084,84.7,7.34,1,2.0,5.9,2.1,2.3,4.8,2,10.0,0
S0085,71.2,4.16,2,0.7,7.5,1.8,5.1,6.0,2,3.6,1
S0086,62.0,7.29,1,5.8,5.4,4.0,7.4,7.9,4,7.7,0
S0087,66.2,7.74,1,3.1,6.0,3.4,4.8,4.6,0,7.1,1
S0088,60.4,6.69,2,4.1,7.2,1.0,7.8,3.5,3,5.6,1
S0089,100.0,8.17,1,5.6,5.9,2.3,5.2,5.6,0,3.7,0
S0090,77.0,6.85,3,4.4,8.4,1.1,4.3,4.0,1,3.3,1
S0091,88.8,7.92,1,4.2,4.1,3.9,4.7,9.2,0,1.1,0
S0092,59.8,9.73,1,8.3,5.2,3.0,7.9,4.2,3,6.5,0
S0093,77.2,6.88,3,3.9,7.1,2.9,3.4,7.2,4,8.1,0
S0094,89.1,4.67,2,5.8,9.6,1.5,4.6,7.9,3,6.3,1
S0095,71.0,6.6,2,5.8,7.4,2.0,7.0,5.2,2,6.4,0
S0096,87.4,4.93,0,2.3,6.1,3.1,1.0,4.3,5,7.9,1
S0097,62.0,7.73,0,5.6,5.1,0.7,8.0,4.7,2,4.6,0
S0098,58.6,8.57,1,3.6,6.4,3.5,9.5,7.6,1,6.1,0
S0099,79.6,7.84,1,6.4,5.0,2.5,6.2,5.6,3,8.7,0
S0100,70.4,7.38,4,4.4,5.3,2.0,2.7,4.1,2,8.0,0
S0101,82.7,6.23,0,3.1,4.9,2.4,5.8,7.3,1,5.7,0
S0102,51.3,8.89,0,9.1,8.4,2.6,4.7,4.1,3,2.6,0
S0103,83.5,7.9,2,1.9,8.4,2.9,5.5,6.7,2,7.6,0
S0104,100.0,7.34,0,5.5,6.2,1.4,5.5,7.0,3,4.5,0
S0105,74.7,7.25,2,7.2,4.1,1.1,6.7,3.9,2,8.5,0
S0106,75.4,7.13,1,4.4,4.1,2.1,7.2,8.4,0,7.5,1
S0107,77.2,7.54,0,7.1,9.2,1.9,4.3,5.6,2,7.7,0
S0108,52.7,6.26,0,7.7,6.8,2.2,9.0,3.6,2,6.0,0
S0109,80.1,8.83,2,8.2,1.7,3.6,6.3,6.3,1,7.9,0
S0110,55.7,7.18,2,4.1,5.7,3.1,6.1,3.3,1,5.6,1
S0111,69.9,7.72,1,8.9,8.3,0.9,6.5,8.1,0,8.2,0
S0112,89.9,6.48,0,5.1,2.0,3.9,6.2,2.4,2,7.9,0
S0113,66.2,7.45,0,9.2,8.4,3.0,7.6,9.2,3,5.6,0
S0114,81.0,4.26,1,2.1,3.2,1.8,4.5,8.2,0,6.4,0
S0115,87.2,5.66,1,6.0,3.3,2.3,8.8,6.7,1,5.6,0
S0116,78.3,6.96,1,3.6,9.0,2.2,6.4,6.7,2,5.7,0
S0117,58.5,5.41,1,9.1,5.8,1.5,4.5,3.8,2,2.6,1
S0118,71.0,9.93,1,6.4,7.5,2.6,5.5,5.1,2,1.7,1
S0119,98.5,5.0,2,6.2,6.8,3.1,9.5,6.7,2,7.8,1
S0120,50.7,7.42,0,4.4,6.4,2.7,7.5,4.5,1,6.8,0
S0121,71.7,8.99,1,2.8,8.7,1.9,3.4,3.4,2,4.9,1
S0122,68.4,7.58,1,5.0,7.8,2.4,4.1,3.2,1,4.9,0
S0123,76.4,6.63,4,5.3,4.7,3.3,6.1,5.6,2,7.0,0
S0124,84.0,6.34,0,6.8,8.3,2.4,4.0,10.0,1,2.1,1
S0125,94.3,7.81,2,2.9,4.7,1.0,6.6,4.0,2,6.2,0
S0126,71.8,6.04,1,7.8,4.0,1.8,3.5,5.9,1,8.4,1
S0127,84.7,6.86,1,5.7,9.2,2.6,8.8,5.1,2,4.8,1
S0128,81.0,7.83,3,7.0,5.3,0.9,7.9,4.4,3,10.0,0
S0129,80.7,6.63,0,1.8,2.9,3.0,6.4,9.4,0,7.4,0
S0130,68.2,7.11,1,7.2,4.2,3.8,9.2,6.6,1,3.8,0
S0131,63.0,6.64,0,4.9,8.1,1.6,6.4,5.0,0,5.3,0
S0132,61.8,5.84,2,7.8,4.8,2.8,9.6,8.7,6,7.3,0
S0133,65.9,8.43,2,0.5,4.7,1.3,3.9,5.8,3,7.7,1
S0134,78.9,8.67,0,5.1,10.0,2.9,8.4,5.6,5,5.9,0
S0135,84.1,6.62,2,6.3,3.6,2.0,7.0,6.7,0,1.9,0
S0136,78.9,6.68,0,4.8,3.7,3.0,7.2,5.0,2,5.9,0
S0137,68.4,6.79,0,5.1,6.6,2.0,6.9,5.2,2,6.2,0
S0138,96.7,7.65,3,3.8,2.6,2.3,5.9,7.4,3,8.8,0
S0139,93.2,5.91,1,6.2,5.9,2.3,7.7,10.0,2,7.0,0
S0140,70.8,6.89,3,4.1,5.0,2.8,6.5,5.9,2,6.9,1
S0141,65.1,7.32,0,4.5,6.6,2.3,4.3,7.8,3,5.7,0
S0142,76.6,7.77,0,10.0,5.5,2.1,6.8,7.5,3,6.3,0
S0143,90.2,3.66,1,1.7,7.1,1.4,4.9,2.6,3,2.6,1
S0144,79.0,7.48,1,7.1,3.2,2.1,6.1,5.0,0,5.8,0
S0145,81.7,7.42,2,5.8,5.8,2.8,6.5,6.7,2,7.9,1
S0146,72.5,8.21,1,7.6,5.4,2.5,7.3,2.6,2,4.8,0
S0147,80.5,6.37,0,5.6,8.4,1.7,7.9,3.3,1,5.1,1
S0148,93.5,6.38,0,7.2,7.5,3.2,5.2,6.7,2,4.1,0
S0149,72.1,8.44,2,6.0,4.8,2.4,4.1,6.9,2,8.1,0
S0150,76.7,5.12,1,3.7,3.6,3.0,8.4,8.2,0,10.0,1
S0151,78.0,8.95,1,5.7,3.6,2.6,8.1,7.5,1,4.6,0
S0152,78.4,10.0,4,6.0,8.0,2.5,5.7,5.4,1,3.1,0
S0153,58.1,7.57,2,8.9,7.0,1.3,4.4,9.0,2,5.5,0
S0154,52.5,7.98,1,3.8,7.3,2.6,5.5,8.7,3,7.2,0
S0155,62.8,5.21,1,3.5,7.9,3.9,5.5,6.7,1,4.0,1
S0156,77.0,6.17,1,6.9,3.2,3.0,7.6,5.2,4,4.1,0
S0157,81.6,8.27,1,5.4,3.3,3.4,10.0,3.5,3,6.1,0
S0158,68.6,7.43,1,5.9,5.5,3.3,6.3,4.4,0,3.1,1
S0159,91.5,6.78,1,5.9,7.3,3.3,7.9,5.6,0,7.6,1
S0160,73.3,7.28,1,5.2,5.7,4.7,8.4,4.8,1,8.5,0
S0161,75.2,7.61,3,4.3,5.3,3.7,5.3,7.0,3,2.3,1
S0162,72.7,6.65,3,7.9,4.5,1.2,4.8,6.3,6,8.8,0
S0163,76.6,6.97,0,0.9,5.6,3.9,3.4,4.0,1,5.7,1
S0164,83.5,6.96,0,6.2,4.3,1.9,5.8,3.4,2,8.0,0
S0165,83.0,5.74,1,6.5,1.9,4.0,7.0,8.6,3,6.0,1
S0166,64.2,7.39,3,0.8,5.9,2.8,8.8,6.7,4,6.4,0
S0167,93.3,9.16,3,4.6,3.1,2.5,3.1,6.4,0,5.6,0
S0168,61.9,9.08,0,7.1,7.3,3.9,8.0,8.7,4,5.0,1
S0169,76.0,5.23,1,4.4,5.0,1.8,7.9,3.2,1,7.1,1
S0170,71.7,7.68,0,3.6,3.6,3.0,5.3,2.1,0,6.1,1
S0171,62.4,7.81,1,6.2,2.8,3.7,8.3,6.1,4,5.3,0
S0172,74.1,6.51,1,0.5,5.2,2.0,4.0,7.4,4,6.7,0
S0173,66.1,5.84,2,1.6,6.0,3.3,6.6,5.7,0,6.9,1
S0174,75.9,5.42,1,1.9,8.4,2.1,6.1,9.4,2,5.4,1
S0175,79.8,6.47,2,6.1,3.4,2.2,5.2,8.5,2,6.9,0
S0176,92.7,7.42,3,7.9,7.8,2.1,4.9,3.9,1,8.1,1
S0177,78.7,6.81,0,2.3,2.8,0.5,3.3,5.8,0,5.7,0
S0178,67.7,6.27,0,4.4,6.2,1.4,6.3,7.9,0,4.3,0
S0179,70.3,5.5,2,6.2,7.9,0.8,6.9,6.6,1,6.9,1
S0180,76.7,7.42,0,2.9,1.7,1.8,5.8,8.2,2,4.7,0
S0181,76.1,8.28,1,9.3,3.7,2.4,5.7,4.0,4,6.0,0
S0182,92.5,5.89,0,4.6,4.0,1.7,5.8,5.3,0,4.3,0
S0183,91.7,7.54,2,5.4,10.0,3.6,6.4,8.0,4,9.3,0
S0184,70.7,4.74,1,6.4,5.9,1.7,7.1,8.7,6,8.2,1
S0185,68.4,6.21,3,5.4,7.0,2.6,5.4,7.3,4,7.6,1
S0186,44.3,7.88,4,4.0,6.9,2.7,8.5,5.9,2,10.0,1
S0187,68.4,5.66,0,5.6,6.6,2.1,6.3,2.4,3,4.8,1
S0188,63.3,6.27,0,1.6,5.8,2.6,5.1,9.5,2,5.0,0
S0189,70.7,8.7,3,2.3,4.1,1.7,4.8,8.6,2,7.8,0
S0190,79.7,6.12,0,6.0,4.1,4.3,6.4,5.7,0,5.9,0
S0191,77.1,5.98,0,5.6,2.3,3.1,3.9,6.5,1,5.9,0
S0192,74.6,7.69,1,4.3,6.3,2.4,3.8,7.9,0,5.4,0
S0193,77.4,9.35,1,6.8,7.6,3.0,6.9,6.2,1,6.1,0
S0194,73.5,6.71,0,8.1,6.5,3.8,8.6,7.2,2,6.9,0
S0195,77.4,7.92,0,6.1,6.6,4.7,5.4,6.1,0,8.7,1
S0196,36.2,8.61,1,3.6,4.9,0.6,1.3,7.0,1,5.1,0
S0197,71.8,7.39,0,7.0,2.1,3.7,4.9,7.2,2,5.5,0
S0198,73.7,6.68,1,8.7,1.6,2.1,6.7,8.2,1,6.5,0
S0199,70.9,5.95,1,2.5,7.6,1.6,7.2,6.8,0,5.0,1
S0200,72.4,5.29,0,4.7,6.6,1.7,4.8,9.8,2,9.4,0
S0201,83.4,8.33,0,5.9,6.1,2.6,4.4,6.0,5,4.8,0
S0202,67.8,7.22,1,4.1,9.1,2.2,7.7,9.2,2,7.5,0
S0203,100.0,8.6,3,5.3,5.1,1.6,6.7,4.8,2,3.5,0
S0204,83.3,8.19,1,4.8,6.4,2.1,6.0,7.8,2,8.6,0
S0205,74.9,6.26,0,5.9,8.2,3.1,6.9,7.8,4,6.1,0
S0206,72.5,5.58,2,3.2,4.4,2.5,4.0,5.4,1,6.0,1
S0207,74.0,7.5,3,8.5,7.7,1.3,9.0,5.3,1,3.8,1
S0208,64.0,6.24,0,2.5,7.7,2.2,4.2,7.7,0,9.8,1
S0209,73.9,7.45,2,4.7,6.8,4.9,4.2,8.8,2,4.6,0
S0210,78.3,6.12,2,4.2,7.4,2.3,6.9,1.6,1,5.0,1
S0211,82.0,5.97,2,4.6,6.5,2.4,9.6,4.6,3,6.1,0
S0212,82.0,6.83,1,4.7,2.1,0.5,5.4,9.8,1,9.2,0
S0213,71.7,8.12,1,5.0,2.9,1.4,5.1,6.4,2,7.9,0
S0214,58.0,7.37,1,8.8,3.5,3.8,6.5,9.7,1,10.0,0
S0215,67.0,8.41,2,3.8,3.8,3.0,6.3,6.6,2,10.0,1
S0216,94.3,5.52,2,4.5,2.3,3.1,3.9,5.4,1,7.7,0
S0217,85.8,5.73,2,3.9,2.2,2.3,8.7,4.3,2,5.5,0
S0218,79.4,6.89,5,3.4,4.3,1.3,5.8,5.6,3,5.8,0
S0219,65.9,9.6,1,6.5,8.0,2.6,7.4,5.6,0,2.3,0
S0220,75.0,7.81,2,5.0,6.8,2.2,9.0,2.9,4,8.1,1
S0221,59.9,5.72,0,2.6,9.4,2.4,7.3,7.8,0,6.3,1
S0222,68.4,6.91,0,2.3,6.9,4.6,5.8,6.2,2,5.5,1
S0223,72.1,7.26,1,4.7,6.9,2.7,6.8,7.6,1,6.2,1
S0224,70.7,6.32,3,8.7,3.4,3.3,6.2,5.3,5,6.5,0
S0225,86.5,7.74,2,3.5,4.2,3.5,6.1,5.4,2,4.4,0
S0226,58.0,6.81,1,4.0,3.7,2.9,6.5,5.3,1,9.0,1
S0227,64.6,6.64,1,4.7,6.3,2.3,4.0,6.7,1,6.4,1
S0228,58.5,8.51,1,7.8,2.6,1.8,4.3,3.5,4,4.9,0
S0229,60.2,4.95,1,6.7,4.6,4.3,4.6,2.3,3,1.8,1
S0230,76.5,5.85,1,6.1,7.6,2.6,6.2,7.1,2,6.8,0
S0231,55.8,6.02,1,2.8,3.0,1.6,6.0,6.7,1,4.6,1
S0232,84.0,5.98,1,4.1,2.6,2.9,3.1,8.8,1,9.8,0
S0233,72.0,6.13,1,5.5,3.3,3.8,5.4,3.7,3,5.8,0
S0234,75.8,7.59,2,2.6,6.2,3.3,8.0,7.8,1,8.6,1
S0235,78.9,8.32,0,2.0,5.1,0.5,7.5,8.4,2,5.1,0
S0236,69.8,8.1,1,4.4,6.9,1.8,6.9,6.6,3,2.9,1
S0237,87.4,5.78,1,1.7,7.8,3.0,6.2,7.8,2,3.6,1
S0238,72.7,6.87,1,5.2,6.3,2.9,8.1,5.5,3,5.3,1
S0239,82.1,7.54,2,7.3,4.9,3.9,7.8,7.7,2,6.5,1
S0240,72.6,7.29,2,5.8,5.1,0.5,3.7,6.7,2,7.2,0
S0241,78.5,8.57,2,8.2,2.3,2.2,3.7,3.0,1,7.0,1
S0242,78.4,6.19,2,4.0,3.3,2.0,6.3,2.5,2,6.1,1
S0243,78.0,7.19,1,2.6,5.5,2.4,6.6,5.1,3,3.3,0
S0244,63.3,6.53,3,5.7,3.5,4.2,6.9,6.2,3,5.1,1
S0245,80.2,7.3,0,5.5,4.0,2.0,6.5,3.4,2,5.1,0
S0246,71.2,5.71,1,2.1,6.9,3.3,3.7,3.3,1,7.9,1
S0247,82.6,5.89,0,4.6,4.8,3.7,5.4,4.6,2,6.3,1
S0248,49.2,6.12,1,7.3,5.3,2.2,6.7,8.7,1,2.0,1
S0249,57.4,6.32,2,7.7,6.8,2.3,4.9,10.0,2,1.0,1
S0250,79.4,8.86,2,6.3,5.4,3.5,10.0,6.2,2,5.1,1
S0251,97.4,8.41,1,6.1,5.7,1.1,6.2,2.2,3,4.7,0
S0252,85.0,6.74,0,7.3,3.3,2.3,7.9,5.3,0,5.2,0
S0253,66.8,7.21,1,6.0,8.2,2.4,3.6,1.0,1,4.4,1
S0254,54.7,5.09,2,7.7,3.9,0.5,6.6,5.9,2,6.9,1
S0255,83.9,6.78,1,4.6,5.6,1.8,5.9,6.4,1,7.2,0
S0256,74.0,7.19,1,6.2,6.4,2.2,2.9,6.6,1,9.0,0
S0257,82.1,8.37,0,5.9,6.7,3.6,6.9,6.6,1,6.6,0
S0258,76.4,7.39,0,7.0,6.1,1.0,4.0,10.0,0,10.0,0
S0259,75.4,7.52,2,8.3,4.8,2.6,5.1,4.4,2,5.0,0
S0260,100.0,7.36,2,6.1,1.9,2.4,8.2,4.2,3,2.7,0
S0261,74.9,7.32,1,3.9,5.0,0.8,5.8,7.6,1,6.3,0
S0262,73.1,5.32,1,4.1,6.6,2.9,9.1,7.9,0,8.4,0
S0263,73.5,6.5,4,6.4,5.8,1.1,5.3,5.1,1,6.5,1
S0264,68.0,8.72,1,5.6,6.3,2.4,7.9,4.3,4,7.2,0
S0265,86.9,7.99,1,1.9,4.1,1.7,5.0,6.0,6,7.5,0
S0266,70.8,7.59,0,5.6,6.0,2.0,6.3,6.4,2,6.2,0
S0267,82.6,7.08,1,5.9,2.7,0.6,4.5,7.5,2,7.2,0
S0268,78.4,7.79,1,5.6,4.2,1.9,4.6,6.2,1,5.0,0
S0269,89.6,5.87,1,6.6,8.7,3.2,4.6,7.0,2,9.4,0
S0270,80.0,5.1,2,6.2,5.3,2.2,4.0,7.9,3,7.6,1
S0271,60.4,6.54,1,5.1,7.4,1.7,8.1,5.6,0,9.1,1
S0272,59.1,7.65,1,6.5,7.6,1.9,6.6,6.1,3,2.1,0
S0273,91.9,7.13,0,2.3,7.2,3.5,9.2,2.5,2,2.8,1
S0274,67.7,8.22,0,2.7,3.4,1.2,1.0,4.4,1,8.6,0
S0275,59.2,7.42,2,6.2,2.5,2.6,6.2,7.9,5,6.2,0
S0276,67.0,7.05,0,2.8,1.0,0.5,7.4,7.8,1,6.0,0
S0277,90.2,8.59,0,8.4,3.5,2.6,6.5,7.2,1,7.0,0
S0278,58.0,8.36,0,6.4,6.2,3.1,8.3,6.1,4,5.4,0
S0279,64.6,6.88,0,5.5,5.9,2.0,8.4,1.7,3,2.9,1
S0280,67.0,5.68,2,7.6,6.8,3.0,6.6,5.9,1,2.4,1
S0281,60.0,5.91,3,5.6,7.5,1.9,6.9,4.2,2,6.7,1
S0282,60.8,6.81,1,9.2,1.8,1.5,8.1,8.1,4,7.1,0
S0283,56.8,6.56,1,6.5,7.2,2.9,3.4,5.6,2,7.1,1
S0284,69.5,8.99,2,3.8,6.3,3.3,4.9,2.6,0,6.9,0
S0285,70.7,4.98,0,3.6,9.5,0.9,7.6,5.3,1,3.1,1
S0286,66.8,6.92,1,3.1,5.8,1.8,4.3,6.3,0,4.2,1
S0287,55.2,5.72,2,7.3,3.7,3.6,5.8,4.7,3,2.4,1
S0288,90.0,7.14,2,4.3,2.4,1.1,5.9,6.2,0,4.0,1
S0289,59.1,7.46,2,7.7,5.9,2.1,6.4,5.4,1,5.0,1
S0290,78.3,6.51,1,6.4,4.3,2.9,3.6,7.2,1,4.3,1
S0291,62.1,7.64,4,5.5,4.5,2.1,6.4,6.5,2,5.3,0
S0292,83.0,6.76,3,5.8,5.9,3.3,5.9,3.9,5,7.5,1
S0293,86.5,6.78,1,5.7,3.8,2.0,4.8,5.1,2,7.8,0
S0294,64.5,6.5,1,1.7,5.1,2.2,6.5,7.1,2,4.5,1
S0295,51.9,7.78,1,7.6,1.6,2.8,4.7,6.9,3,5.4,0
S0296,83.3,7.17,0,4.6,7.2,3.2,7.3,7.6,3,4.5,1
S0297,97.5,8.89,1,6.2,4.6,3.0,7.1,6.5,3,6.0,0
S0298,80.0,8.52,2,2.1,8.4,2.8,5.6,8.0,2,5.2,0
S0299,76.9,7.66,1,4.8,4.4,3.0,5.0,7.4,2,1.1,0
S0300,84.8,4.41,2,4.6,4.8,2.5,5.3,4.1,3,6.7,1
S0301,84.2,5.22,1,2.1,3.7,3.1,2.7,5.1,2,6.6,1
S0302,65.1,8.18,0,4.7,7.9,2.4,5.8,5.5,0,7.3,1
S0303,67.1,6.43,2,2.8,5.8,2.7,5.1,3.4,1,3.9,1
S0304,82.3,7.28,0,7.9,4.0,0.7,4.1,6.0,2,9.6,0
S0305,73.3,6.24,3,5.6,5.0,1.3,5.6,3.7,1,5.9,1
S0306,90.8,7.62,2,4.5,4.7,3.5,6.0,7.5,0,6.9,0
S0307,66.5,8.15,0,5.7,8.5,4.5,6.1,3.2,1,4.2,1
S0308,84.0,5.55,2,2.3,5.2,1.2,9.4,6.6,2,3.7,1
S0309,79.1,6.02,2,0.0,2.1,1.1,4.7,4.1,1,6.6,1
S0310,73.5,5.0,1,3.5,4.1,1.2,2.4,8.0,0,4.6,1
S0311,89.1,7.28,3,6.3,4.6,2.5,9.2,4.0,4,5.9,0
S0312,83.2,5.0,0,3.9,3.2,1.2,7.0,4.1,3,8.0,0
S0313,62.9,6.56,3,7.3,5.3,1.4,6.1,5.5,3,10.0,1
S0314,82.7,7.62,4,6.1,4.7,2.9,5.7,5.8,3,5.8,0
S0315,91.5,9.47,6,6.8,4.4,4.6,5.7,9.4,3,8.0,0
S0316,73.4,7.44,1,6.6,4.8,1.5,5.1,9.6,3,7.5,0
S0317,72.0,8.5,1,5.9,8.3,4.5,3.7,6.3,1,8.5,1
S0318,67.0,7.31,2,2.5,3.6,3.3,8.1,4.2,1,6.8,1
S0319,74.8,7.37,0,5.0,7.1,3.3,7.5,6.7,0,6.8,1
S0320,83.2,6.75,2,8.0,5.9,3.4,7.6,3.3,3,4.9,0
S0321,65.2,6.54,2,2.1,5.3,2.1,4.1,2.7,2,6.9,1
S0322,58.8,8.41,3,6.5,6.7,2.9,7.2,6.6,3,3.4,1
S0323,70.5,7.45,0,7.5,6.3,1.6,9.3,7.4,1,5.8,1
S0324,58.4,7.4,0,4.7,5.3,2.6,4.2,3.2,1,5.6,1
S0325,81.3,6.27,3,6.4,6.8,3.3,6.3,7.8,1,6.7,0
S0326,69.9,6.59,2,3.1,6.3,2.9,7.1,5.6,2,5.1,1
S0327,53.9,9.48,1,3.7,6.9,3.4,5.1,6.3,0,2.7,1
S0328,70.8,6.92,1,5.4,7.8,3.9,5.0,4.5,1,3.5,1
S0329,72.7,8.59,3,3.9,2.3,3.1,5.5,9.4,4,6.8,0
S0330,80.4,6.38,2,9.0,2.3,2.2,4.3,7.4,2,4.5,0
S0331,73.3,7.96,2,4.4,7.3,3.0,7.1,2.7,1,5.6,0
S0332,97.4,7.35,4,2.5,6.5,2.4,3.5,4.9,2,7.5,0
S0333,68.8,6.52,0,4.9,10.0,2.0,7.4,10.0,3,5.0,0
S0334,74.3,7.78,1,5.8,9.1,2.8,1.0,3.3,3,5.1,0
S0335,73.8,5.15,0,6.2,6.6,2.4,7.1,4.0,1,6.3,0
S0336,71.6,7.69,0,3.8,6.5,1.3,5.8,4.6,1,6.1,0
S0337,76.7,7.94,3,2.9,6.8,3.0,6.3,7.9,3,5.4,1
S0338,81.5,7.33,0,2.2,4.3,1.4,9.5,3.3,1,6.4,1
S0339,91.1,8.57,0,8.1,8.9,1.9,5.3,3.7,0,6.4,0
S0340,56.2,6.92,1,3.6,6.5,4.0,3.9,6.6,3,9.7,0
S0341,68.9,6.82,1,4.2,8.8,2.0,6.8,5.3,2,4.0,1
S0342,69.6,7.43,1,7.9,1.0,2.8,4.8,9.0,2,7.0,0
S0343,86.3,8.04,3,4.7,2.9,2.9,4.3,5.6,1,4.3,0
S0344,70.7,7.68,1,6.5,3.7,3.1,4.8,4.6,0,6.6,0
S0345,52.3,6.73,3,4.6,1.9,2.1,2.5,5.8,1,2.7,1
S0346,76.1,5.81,1,4.5,7.8,2.1,5.7,4.5,2,6.7,1
S0347,74.6,7.8,3,7.3,3.7,3.7,3.9,6.1,5,3.7,1
S0348,77.2,6.05,2,4.3,5.1,1.4,6.0,8.4,4,5.9,1
S0349,62.5,6.02,1,9.3,6.3,2.8,3.5,6.0,3,6.9,1
S0350,95.6,6.21,2,5.1,4.7,2.7,6.3,4.2,1,8.5,0
S0351,71.1,7.07,1,1.0,4.5,1.6,3.5,5.2,3,3.7,0
S0352,72.7,6.04,1,4.5,8.9,1.0,5.7,4.0,1,5.0,0
S0353,64.2,5.64,1,4.8,6.3,1.6,2.9,7.3,1,9.5,1
S0354,63.8,6.21,0,9.6,7.1,3.8,4.6,7.0,0,6.5,0
S0355,60.3,6.78,2,2.8,5.1,3.0,5.4,5.7,1,7.1,1
S0356,70.3,7.55,0,3.8,6.3,4.2,9.9,4.7,2,10.0,0
S0357,63.5,7.08,1,5.9,6.9,2.3,5.4,6.0,2,5.1,0
S0358,99.7,5.7,2,3.7,2.7,1.5,4.5,4.2,0,7.6,1
S0359,52.3,7.27,2,6.0,2.1,1.4,5.1,8.4,1,7.6,0
S0360,61.5,7.39,0,6.1,5.8,2.1,6.4,8.9,2,7.3,0
S0361,70.2,6.45,1,7.2,5.9,1.2,4.4,7.4,1,3.9,1
S0362,83.1,6.04,1,8.0,5.2,1.9,5.1,4.4,0,8.7,0
S0363,70.0,6.04,0,8.5,4.7,2.6,5.5,3.7,2,7.5,1
S0364,83.1,6.36,1,2.7,5.1,3.0,7.4,6.7,2,6.4,1
S0365,63.2,9.66,3,5.4,7.5,5.2,1.5,3.4,2,5.3,0
S0366,75.7,5.93,2,3.0,6.2,2.2,5.2,9.7,0,8.9,1
S0367,95.9,7.32,0,4.7,6.9,2.2,5.6,4.8,4,6.2,0
S0368,63.4,6.14,0,10.0,3.5,1.8,6.3,3.8,1,5.7,0
S0369,80.0,6.39,0,4.0,6.9,3.6,5.0,4.7,4,6.9,1
S0370,77.5,6.15,1,7.4,4.7,2.1,9.6,6.8,0,8.2,0
S0371,48.0,7.96,1,3.6,6.4,2.7,7.2,7.6,0,6.8,1
S0372,67.9,7.45,3,4.4,2.5,0.9,5.1,7.5,2,5.9,0
S0373,88.6,6.84,3,2.9,2.7,1.4,3.8,4.4,3,5.9,1
S0374,76.6,7.6,1,2.1,7.1,0.9,6.3,6.3,2,7.9,0
S0375,60.5,7.89,3,5.4,5.4,2.4,7.3,8.4,3,2.9,1
S0376,83.3,5.98,0,4.2,9.0,2.3,6.0,8.8,3,5.4,1
S0377,69.3,7.66,1,4.5,6.8,1.0,6.1,8.7,2,7.4,1
S0378,79.3,6.14,0,4.3,3.7,3.6,9.7,6.2,2,3.8,0
S0379,79.5,8.01,3,5.9,7.1,1.0,7.1,7.0,0,3.6,0
S0380,61.6,7.89,1,2.9,5.7,4.3,3.6,4.5,1,8.9,1
S0381,84.5,7.48,1,8.0,7.1,4.0,5.9,8.0,2,5.5,0
S0382,62.9,6.75,1,5.4,5.3,2.2,10.0,8.3,0,8.2,0
S0383,59.3,6.37,2,5.2,4.5,1.7,5.1,6.6,1,2.7,1
S0384,64.4,6.68,1,8.7,6.4,2.9,5.8,7.8,2,10.0,0
S0385,70.8,7.92,2,6.2,8.7,2.7,3.4,8.1,3,3.1,1
S0386,76.3,6.18,0,7.8,6.5,0.5,6.2,7.0,1,5.2,0
S0387,65.7,7.06,0,6.5,5.1,1.0,5.5,5.3,2,9.3,1
S0388,83.9,4.9,0,8.2,7.2,3.9,3.8,5.3,2,7.9,0
S0389,78.0,7.31,1,2.9,5.3,2.3,3.1,6.5,3,8.0,0
S0390,66.7,5.76,3,7.4,6.0,1.8,7.6,8.6,0,5.7,1
S0391,85.7,5.42,3,6.2,3.7,3.5,1.0,4.2,3,5.1,0
S0392,88.9,7.62,0,5.0,9.5,2.7,6.5,5.3,0,4.9,0
S0393,73.8,7.25,2,2.1,5.9,1.2,6.6,6.2,2,9.5,0
S0394,72.4,6.47,1,5.7,6.2,2.1,9.2,5.8,1,7.7,1
S0395,53.7,6.64,0,1.8,8.6,2.3,5.3,5.6,0,3.5,1
S0396,70.1,9.73,4,5.6,4.6,3.6,5.5,5.4,0,4.1,1
S0397,71.5,6.77,0,6.3,4.4,2.4,4.3,8.5,1,6.9,1
S0398,77.9,6.76,1,6.6,5.8,3.2,6.5,7.2,2,5.5,1
S0399,73.0,7.78,1,2.4,6.6,2.7,6.9,8.3,4,8.1,0
S0400,77.9,7.1,1,2.6,7.5,1.6,8.5,6.6,0,3.6,1
S0401,93.4,8.18,1,2.9,1.0,3.1,7.9,9.6,4,5.0,0
S0402,68.6,7.33,2,5.1,3.1,3.2,9.1,7.2,0,6.3,0
S0403,69.1,7.91,1,8.0,4.7,3.4,9.3,5.0,1,5.2,1
S0404,59.3,7.53,1,5.4,3.0,2.5,7.0,4.0,2,5.4,1
S0405,74.9,7.77,0,6.4,1.5,1.4,5.4,4.1,1,7.5,0
S0406,86.7,6.95,1,6.1,3.6,1.5,2.4,6.0,6,5.8,1
S0407,54.0,7.27,1,2.7,1.0,1.7,5.5,7.0,1,5.6,0
S0408,67.0,6.67,1,7.0,6.5,2.7,3.8,6.9,2,5.4,0
S0409,75.4,7.73,1,5.8,5.2,2.5,6.8,5.9,7,10.0,0
S0410,85.2,5.38,1,7.2,6.1,2.6,5.3,3.9,0,6.4,0
S0411,79.6,7.87,2,3.5,3.8,1.9,5.3,5.1,2,4.9,1
S0412,78.9,8.2,0,2.3,5.3,1.1,3.0,7.6,2,7.7,1
S0413,72.3,7.89,1,4.0,7.1,1.7,8.3,4.9,2,9.5,1
S0414,80.8,6.88,0,5.0,6.1,3.6,5.8,4.7,1,6.2,1
S0415,87.2,7.61,2,4.5,8.6,2.8,7.7,6.5,2,6.5,1
S0416,54.5,6.07,3,7.0,7.4,1.5,10.0,3.0,2,5.6,1
S0417,83.7,8.0,0,2.6,1.0,1.7,7.5,10.0,0,6.7,0
S0418,73.8,5.68,1,4.0,7.0,1.6,4.6,5.5,1,6.3,0
S0419,68.6,7.71,1,1.8,7.5,2.8,6.0,5.9,4,7.6,0
S0420,45.7,7.64,1,4.8,6.5,1.6,8.6,4.2,0,8.2,0
S0421,58.4,7.49,1,3.0,4.9,2.6,6.3,4.8,1,4.2,1
S0422,95.4,6.46,0,4.2,6.3,2.1,7.2,7.8,2,2.8,0
S0423,66.7,7.91,1,5.2,4.8,1.8,5.9,7.2,3,5.1,1
S0424,62.0,4.8,2,3.7,6.1,3.7,5.8,3.6,4,3.8,1
S0425,69.5,7.93,0,5.7,6.6,0.7,6.1,7.5,1,6.1,0
S0426,66.1,7.23,2,5.5,5.9,1.6,7.5,4.1,2,5.7,0
S0427,76.5,8.26,0,3.9,2.1,1.7,7.1,2.8,2,3.9,0
S0428,93.2,7.24,2,4.6,7.6,2.8,4.7,4.5,1,8.1,0
S0429,68.0,9.21,1,5.6,5.1,2.2,7.0,9.8,0,7.6,0
S0430,76.9,5.87,0,3.8,7.6,1.8,4.0,6.3,0,6.5,1
S0431,61.2,7.73,2,7.4,5.8,3.8,4.6,7.9,3,3.3,1
S0432,93.2,5.94,0,1.4,8.0,2.6,7.7,6.2,1,6.1,1
S0433,77.3,6.85,0,4.6,4.6,4.1,4.1,6.4,2,6.3,1
S0434,62.0,7.89,1,7.2,4.3,1.5,9.2,6.2,6,4.0,0
S0435,85.9,7.75,2,7.1,5.5,2.2,6.3,8.1,3,9.6,0
S0436,89.4,9.5,3,5.5,6.9,3.4,6.5,4.6,2,7.2,0
S0437,76.9,6.58,0,2.6,4.7,2.4,4.3,6.1,2,6.2,0
S0438,55.3,8.54,2,7.8,5.4,2.1,3.0,6.4,1,5.9,0
S0439,96.4,6.69,1,5.2,6.1,3.2,8.4,6.7,0,6.6,0
S0440,78.7,6.16,1,6.3,7.1,2.5,5.2,7.7,3,2.8,0
S0441,89.0,5.05,2,2.4,3.7,2.4,6.2,4.1,2,4.5,1
S0442,68.4,7.2,1,1.3,7.6,3.3,7.3,6.8,1,5.9,1
S0443,70.2,6.37,5,3.1,4.0,2.4,8.0,8.2,4,5.0,1
S0444,76.3,8.02,0,7.3,6.1,2.6,6.0,7.9,3,4.1,0
S0445,88.4,6.37,0,6.9,6.9,2.6,4.3,2.3,3,6.4,0
S0446,76.7,6.43,0,3.5,4.6,1.2,6.3,4.8,1,6.4,0
S0447,59.9,7.43,1,6.3,3.2,1.5,2.8,6.9,4,5.5,0
S0448,78.1,9.07,2,2.6,4.5,2.6,6.9,7.9,0,7.2,0
S0449,94.6,5.69,1,4.0,6.8,1.7,7.1,5.0,4,7.4,0
S0450,75.8,8.22,2,7.2,3.1,5.9,6.5,5.0,1,6.1,0
S0451,76.6,8.05,1,4.7,3.7,2.0,4.9,7.2,0,10.0,0
S0452,59.8,6.73,1,4.1,5.9,2.6,3.7,2.5,1,6.2,1
S0453,58.2,7.81,0,3.7,4.7,3.6,10.0,1.0,1,8.0,0
S0454,67.3,6.66,1,8.8,3.7,2.1,7.0,6.8,1,10.0,0
S0455,71.1,9.85,1,5.1,4.6,2.6,7.4,6.1,1,6.5,0
S0456,76.2,6.87,5,6.6,9.0,2.3,5.6,5.0,2,6.4,1
S0457,77.0,7.1,1,5.1,6.4,3.7,5.3,5.9,0,6.7,1
S0458,94.2,6.61,0,5.3,5.2,1.5,3.7,5.3,2,5.5,0
S0459,75.7,4.97,0,6.0,7.5,3.0,8.2,4.7,4,3.2,1
S0460,87.8,6.68,0,7.2,4.3,2.2,7.4,4.0,2,7.1,0
S0461,74.5,7.28,3,10.0,5.8,3.2,5.1,3.8,0,5.6,1
S0462,92.4,8.8,1,5.3,1.0,2.1,9.6,9.3,3,7.4,0
S0463,52.6,7.59,2,5.5,5.7,2.6,6.2,9.1,2,5.6,1
S0464,67.8,6.77,2,7.5,6.3,0.5,7.1,7.2,3,9.8,1
S0465,86.8,7.07,1,4.6,3.1,2.1,8.8,6.7,1,8.4,0
S0466,72.9,7.39,1,5.9,3.7,1.7,5.3,9.5,1,6.5,1
S0467,86.2,6.55,1,2.9,10.0,3.6,4.4,4.9,2,4.3,0
S0468,79.6,7.82,1,0.1,5.3,2.1,2.9,6.5,3,5.8,0
S0469,86.4,8.95,2,7.3,3.4,3.1,6.9,6.5,2,7.3,0
S0470,82.4,6.56,0,6.3,5.9,2.0,7.4,4.2,3,6.0,0
S0471,83.1,8.45,0,6.8,9.0,3.2,5.9,6.0,2,6.0,0
S0472,92.9,8.05,1,5.6,3.8,3.0,7.6,2.8,1,5.3,0
S0473,86.8,7.64,1,4.5,2.7,3.0,4.7,6.4,4,8.3,0
S0474,86.9,7.13,1,5.4,8.1,3.1,7.2,4.6,2,5.1,0
S0475,75.2,7.41,0,6.7,3.2,2.4,6.6,7.6,2,7.7,0
S0476,68.0,6.74,2,5.0,5.8,1.3,6.8,8.1,0,5.7,0
S0477,67.1,9.2,0,5.8,5.1,1.9,2.2,2.7,2,4.7,0
S0478,84.0,6.14,1,3.1,5.0,3.1,8.4,3.8,0,2.6,0
S0479,45.7,8.36,1,5.7,7.5,3.0,3.7,4.2,1,4.0,0
S0480,59.3,8.86,2,5.4,3.8,3.4,9.1,3.9,4,4.5,0
S0481,63.4,6.61,0,5.0,1.0,2.3,3.6,7.4,1,4.7,1
S0482,72.0,8.4,0,10.0,6.8,2.7,6.4,7.4,1,6.2,0
S0483,43.4,7.17,2,1.1,7.8,4.0,9.6,3.7,3,2.8,1
S0484,90.1,7.07,0,4.2,4.4,2.8,4.4,6.5,1,6.4,0
S0485,82.2,6.91,1,2.4,2.9,1.7,5.3,5.2,5,2.2,0
S0486,98.8,5.06,1,4.7,5.5,2.6,8.3,2.7,5,8.2,0
S0487,87.7,7.66,1,2.9,4.1,2.6,3.9,4.6,2,3.6,0
S0488,87.4,8.73,4,6.3,3.4,3.0,4.3,5.8,2,7.3,0
S0489,100.0,6.15,2,4.9,3.4,0.5,6.6,7.2,1,2.6,0
S0490,68.1,8.02,2,3.7,2.2,2.6,4.0,8.1,2,6.8,0
S0491,57.0,6.9,2,3.8,4.8,2.6,9.1,5.2,1,3.4,1
S0492,72.2,5.69,1,6.4,7.1,1.0,4.0,6.4,3,5.1,0
S0493,65.1,8.2,0,6.2,6.6,2.0,1.0,8.2,1,5.1,0
S0494,71.9,9.02,1,6.7,4.2,1.7,5.7,10.0,1,6.9,0
S0495,62.4,6.05,2,7.5,1.8,4.1,7.5,10.0,2,6.6,0
S0496,81.8,7.26,1,8.5,4.2,2.6,7.4,8.4,2,3.9,0
S0497,81.2,5.27,0,4.7,4.9,4.2,5.7,7.7,0,3.2,1
S0498,74.7,6.95,0,1.5,1.8,2.4,6.7,4.2,3,8.3,0
S0499,78.7,7.58,1,3.8,6.6,1.6,10.0,3.2,1,3.8,1
S0500,73.3,9.1,0,4.1,8.9,2.2,5.5,5.6,1,9.1,0
S0501,84.0,8.87,0,7.9,5.8,2.9,7.2,3.3,4,5.9,0
S0502,75.8,8.97,2,5.9,3.1,2.9,4.8,8.4,1,5.5,0
S0503,71.8,6.37,1,8.3,6.7,2.5,2.3,3.5,4,6.8,0
S0504,86.2,6.71,2,4.2,3.7,3.4,7.6,4.5,3,7.6,1
S0505,90.1,5.0,1,4.2,4.5,1.8,5.3,3.0,1,4.8,1
S0506,91.0,6.14,1,8.6,3.4,2.6,5.4,10.0,2,5.0,0
S0507,63.1,5.26,2,3.3,8.9,1.4,5.6,2.2,1,3.4,1
S0508,68.6,7.44,1,7.2,6.0,0.9,3.9,3.1,4,4.8,0
S0509,54.6,6.16,0,3.8,4.3,3.2,6.4,5.9,1,5.7,0
S0510,72.1,5.68,1,7.1,7.8,2.8,7.4,3.3,1,6.9,1
S0511,80.0,6.57,2,7.3,10.0,1.5,1.0,8.0,2,6.1,1
S0512,73.4,5.58,0,7.4,6.1,3.9,5.4,2.4,3,5.7,1
S0513,98.2,7.37,0,8.3,8.0,3.2,7.0,1.0,1,6.6,0
S0514,70.1,7.34,3,3.7,3.7,2.4,4.8,9.3,2,6.6,1
S0515,61.9,6.62,2,3.7,5.6,2.4,8.0,4.8,0,6.0,1
S0516,81.8,6.12,2,4.3,3.6,1.8,4.1,2.5,0,7.6,1
S0517,76.8,5.39,2,4.1,2.5,1.6,6.6,1.2,2,6.7,1
S0518,81.6,7.67,2,4.0,4.8,2.7,5.2,7.7,1,3.1,1
S0519,78.6,7.27,2,8.5,4.2,1.8,5.3,3.1,3,7.5,0
S0520,77.9,7.56,1,8.3,2.9,2.7,7.4,6.0,0,8.0,0
S0521,49.5,6.63,1,4.5,3.9,2.8,5.9,4.8,1,9.0,1
S0522,66.3,6.74,2,3.5,9.4,2.5,6.7,7.1,2,5.3,1
S0523,67.9,8.73,2,6.9,2.9,2.4,5.9,10.0,3,7.4,0
S0524,70.8,6.28,0,5.7,7.3,0.9,3.6,5.8,3,6.3,1
S0525,69.6,6.62,3,5.0,4.7,3.0,8.6,4.6,0,6.3,1
S0526,80.0,7.89,1,4.0,6.1,2.7,7.8,8.8,3,6.9,0
S0527,82.2,7.36,1,3.9,5.1,0.9,8.4,6.2,3,5.4,0
S0528,61.4,4.54,0,5.3,5.1,2.0,5.9,10.0,3,4.5,1
S0529,83.2,4.97,1,6.8,6.6,0.9,8.8,3.1,1,3.7,1
S0530,82.0,6.21,3,4.9,6.9,1.1,1.0,6.0,1,5.9,1
S0531,80.6,8.09,2,3.9,6.5,1.4,1.8,5.8,2,8.3,0
S0532,58.0,7.81,1,0.7,3.4,2.7,7.0,3.3,2,5.0,0
S0533,80.3,7.62,0,2.8,4.8,1.7,5.4,4.7,1,6.1,1
S0534,76.0,7.75,4,5.4,3.6,1.5,7.5,4.8,1,5.3,0
S0535,86.5,5.84,0,9.0,5.6,3.5,8.2,8.5,1,6.3,0
S0536,96.4,7.72,1,0.1,5.9,2.6,8.4,4.4,2,5.2,1
S0537,94.1,5.89,5,5.9,6.1,3.8,6.7,5.2,0,7.5,1
S0538,76.4,8.14,1,3.7,3.1,1.5,5.1,7.3,4,2.8,0
S0539,75.0,6.39,3,4.4,5.3,2.4,5.4,5.9,1,5.2,1
S0540,82.6,7.34,0,4.1,4.0,1.1,7.5,5.4,5,9.9,0
S0541,61.6,4.75,1,2.3,7.9,1.8,6.7,5.3,3,7.2,1
S0542,57.6,5.38,1,6.9,5.6,2.2,8.2,2.5,0,8.5,1
S0543,69.3,8.31,1,4.9,6.5,2.5,5.6,8.5,3,5.3,0
S0544,89.6,7.83,3,3.2,5.0,1.0,6.2,5.8,3,6.2,0
S0545,71.0,5.54,2,3.5,4.5,3.6,6.5,4.2,2,10.0,0
S0546,93.0,8.54,1,1.0,5.8,2.7,5.3,7.4,1,8.1,0
S0547,41.5,5.69,1,4.1,3.2,3.2,5.6,6.5,3,6.1,1
S0548,56.0,7.02,4,3.5,8.7,1.9,5.9,5.8,2,4.4,0
S0549,73.5,6.42,2,6.7,5.8,2.3,7.5,7.4,0,9.6,1
S0550,85.7,5.89,1,5.0,6.9,1.5,3.0,10.0,0,5.3,1
S0551,74.2,8.4,2,5.4,3.2,2.0,5.1,6.6,3,6.6,1
S0552,73.9,9.02,2,3.5,5.0,2.7,7.8,6.1,4,8.2,0
S0553,73.5,7.21,1,5.9,5.4,3.2,3.8,7.7,2,3.6,1
S0554,53.8,8.83,0,3.0,4.6,2.3,5.1,2.4,2,8.7,0
S0555,88.9,6.66,2,7.6,2.2,3.2,10.0,3.5,1,7.0,0
S0556,66.8,7.13,0,5.6,5.9,3.1,6.7,6.8,2,5.1,1
S0557,88.1,7.16,0,3.1,6.5,2.7,7.5,5.8,2,3.6,1
S0558,74.2,5.61,2,6.4,2.5,2.0,6.2,6.7,2,7.5,0
S0559,87.8,7.6,2,2.4,6.1,1.8,6.5,7.6,2,5.5,0
S0560,79.1,7.85,3,2.9,3.7,3.1,4.9,5.6,3,7.4,0
S0561,73.7,6.79,2,3.2,5.4,3.1,2.3,4.6,4,3.3,0
S0562,77.7,4.97,1,8.8,6.9,2.9,3.5,8.6,1,3.5,1
S0563,57.3,7.44,0,5.4,3.4,1.3,6.1,4.5,4,5.3,0
S0564,75.1,5.18,1,3.7,7.4,2.6,6.4,5.1,1,4.7,1
S0565,95.6,6.03,0,3.4,9.9,2.4,7.6,7.0,2,10.0,0
S0566,90.7,7.16,1,4.6,10.0,3.1,7.1,3.5,1,5.7,1
S0567,63.2,6.08,2,4.7,3.0,3.1,7.0,5.5,3,10.0,1
S0568,81.1,7.3,1,2.4,4.6,3.0,3.2,7.8,2,7.1,0
S0569,78.0,6.73,1,7.1,6.4,1.7,9.3,6.8,3,5.3,0
S0570,84.8,5.04,0,7.6,5.8,2.9,6.4,8.1,0,6.1,0
S0571,76.1,7.2,1,5.4,3.5,3.7,5.3,6.4,3,3.8,0
S0572,72.2,7.7,1,7.9,5.3,4.4,7.3,4.0,4,9.0,0
S0573,91.0,8.21,0,4.1,8.2,3.0,4.8,2.7,1,2.4,1
S0574,77.6,6.56,1,6.1,3.3,2.3,7.3,7.4,3,9.5,0
S0575,90.1,6.93,2,3.5,1.6,4.5,6.2,7.5,0,10.0,0
S0576,86.7,5.21,2,4.3,5.4,4.2,9.8,6.2,1,5.5,1
S0577,71.1,9.36,2,8.4,6.2,1.2,9.0,2.5,3,3.8,0
S0578,73.0,8.81,2,1.2,7.5,3.9,7.7,6.9,1,5.6,0
S0579,98.2,6.96,0,1.1,3.0,3.5,3.3,6.1,3,5.5,0
S0580,77.3,6.85,1,4.1,6.4,1.9,6.0,6.9,3,6.4,1
S0581,65.9,3.5,1,6.0,3.6,3.0,6.5,2.2,5,5.3,1
S0582,60.6,8.24,1,3.4,5.9,3.8,7.7,6.3,2,5.0,0
S0583,86.7,7.68,1,8.3,5.1,3.4,4.1,5.5,3,6.5,0
S0584,76.9,7.98,3,5.2,5.8,4.0,2.7,5.5,3,3.9,1
S0585,65.5,6.51,1,7.7,9.1,3.7,4.2,6.7,0,9.0,1
S0586,83.1,6.44,1,8.5,5.2,2.3,6.8,7.4,3,5.5,0
S0587,76.9,5.52,2,1.5,2.6,2.8,4.4,7.3,3,8.5,1
S0588,55.1,7.93,0,6.0,5.0,2.1,9.6,7.7,1,2.5,0
S0589,82.1,8.5,0,5.9,8.0,2.2,2.3,5.5,2,7.0,0
S0590,91.0,8.35,0,3.4,8.7,2.3,5.1,3.7,3,5.0,1
S0591,100.0,7.22,0,2.7,4.8,2.6,8.0,7.6,1,9.1,1
S0592,75.4,6.61,2,8.6,5.4,3.0,7.9,6.4,2,7.7,0
S0593,77.8,5.74,0,6.3,3.9,3.2,6.1,5.6,2,4.9,0
S0594,94.3,6.16,0,4.0,10.0,2.7,6.3,7.1,3,1.6,1
S0595,77.0,7.56,2,6.4,5.6,2.5,4.3,6.2,2,7.2,0
S0596,78.3,6.66,1,7.3,7.3,1.1,6.3,7.3,1,5.0,1
S0597,67.4,8.97,0,7.2,5.6,2.8,7.0,4.1,3,5.2,0
S0598,58.3,8.38,0,5.9,3.7,3.0,10.0,7.8,3,6.1,0
S0599,86.0,6.28,4,7.8,7.5,1.7,3.4,3.1,2,5.2,1
S0600,59.7,5.54,0,3.6,2.5,2.8,6.0,5.4,2,8.3,0
S0601,88.7,6.34,1,5.7,7.8,2.9,4.9,4.4,2,3.9,1
S0602,65.5,8.28,0,4.7,6.7,2.1,8.5,3.7,1,4.6,0
S0603,78.2,6.37,1,7.3,7.4,5.3,3.1,4.9,5,5.9,0
S0604,70.5,7.66,0,3.5,7.5,0.6,4.0,2.7,4,8.0,0
S0605,89.1,6.32,0,6.6,3.8,1.3,9.2,5.8,3,7.6,0
S0606,78.6,7.41,0,6.2,8.5,2.7,6.3,6.8,1,8.9,0
S0607,98.5,7.63,0,5.6,8.3,2.8,6.3,9.2,2,3.5,0
S0608,62.0,8.18,1,7.1,6.2,2.3,8.5,8.4,2,3.7,0
S0609,80.0,8.72,0,3.7,4.0,4.8,2.0,6.6,3,3.9,0
S0610,75.6,8.57,2,3.5,3.0,4.0,7.4,6.3,2,7.2,0
S0611,78.4,6.36,1,6.0,2.4,2.9,7.7,3.1,2,7.1,0
S0612,94.2,6.82,1,3.6,6.2,2.0,5.3,5.6,1,5.3,0
S0613,82.0,5.59,3,2.8,7.5,1.8,7.3,4.6,1,5.3,0
S0614,61.2,6.72,3,10.0,1.0,3.1,8.2,6.4,2,3.5,0
S0615,81.4,7.03,0,2.9,4.5,3.4,4.4,3.7,1,4.8,1
S0616,70.0,6.52,1,4.4,4.2,2.5,6.4,4.7,4,6.2,0
S0617,69.3,6.4,2,3.6,6.5,2.7,4.6,6.8,3,1.8,0
S0618,87.6,8.24,0,5.0,4.0,1.8,7.0,2.8,0,6.1,0
S0619,67.8,8.09,1,2.2,5.1,1.9,7.5,8.6,1,9.0,0
S0620,70.4,7.48,3,4.1,4.9,2.7,7.8,5.7,0,5.2,1
S0621,75.4,5.47,2,8.2,6.3,2.1,4.0,1.0,0,7.2,1
S0622,86.4,7.24,1,4.6,5.9,2.7,5.7,5.2,4,5.5,0
S0623,82.0,6.54,0,2.8,6.4,2.8,4.0,10.0,2,7.0,1
S0624,72.2,8.58,1,4.5,4.9,2.3,5.7,6.1,3,4.6,1
S0625,71.7,4.84,0,2.8,7.4,1.7,3.9,5.0,4,6.0,1
S0626,61.1,6.33,1,5.4,4.6,3.7,4.2,6.1,2,8.2,1
S0627,65.9,6.3,1,5.8,10.0,2.7,4.5,5.6,0,7.2,1
S0628,67.1,6.44,2,7.0,6.4,2.2,5.8,6.0,1,5.2,0
S0629,73.2,8.15,1,5.1,8.7,2.6,8.9,4.3,0,5.8,1
S0630,98.8,4.18,0,3.8,5.1,1.7,3.7,7.9,3,7.4,1
S0631,66.9,6.75,1,7.5,8.7,2.5,3.2,5.6,1,4.3,1
S0632,71.5,8.02,2,4.8,3.1,2.7,7.2,4.4,2,5.0,0
S0633,50.4,8.18,2,6.0,2.6,2.0,4.2,7.4,0,4.9,0
S0634,82.2,6.34,3,6.4,6.7,3.3,5.6,3.2,0,6.2,0
S0635,56.1,6.18,1,5.8,5.4,1.9,4.4,5.1,1,5.8,1
S0636,64.1,7.42,0,7.3,8.5,3.0,4.9,3.5,3,5.4,0
S0637,87.5,7.18,0,1.5,10.0,2.9,8.0,5.4,2,7.4,1
S0638,49.7,7.08,1,7.1,2.8,2.6,5.8,10.0,0,4.8,1
S0639,76.2,3.5,0,8.5,4.6,2.1,3.9,8.0,0,8.1,1
S0640,84.6,5.65,0,1.1,7.0,2.2,6.0,10.0,2,7.8,1
S0641,93.3,5.96,1,8.9,3.3,3.0,4.3,7.3,0,3.8,0
S0642,64.0,7.77,2,4.0,2.5,2.4,3.8,8.3,2,9.4,0
S0643,67.5,5.27,0,8.0,6.6,1.2,7.8,5.3,2,7.7,1
S0644,96.7,5.74,1,3.1,4.2,2.3,6.2,7.8,4,6.3,0
S0645,74.7,6.81,2,6.5,3.7,2.4,5.4,4.4,1,8.3,1
S0646,66.2,5.45,2,1.1,5.4,2.3,6.1,6.0,2,4.4,1
S0647,66.4,7.77,2,6.0,4.0,1.7,2.7,6.0,2,6.1,0
S0648,63.3,6.53,0,6.2,6.3,3.4,8.4,4.1,2,8.8,1
S0649,69.7,9.2,2,7.5,3.5,1.3,5.2,7.6,2,6.8,0
S0650,88.1,6.24,3,3.3,8.6,2.3,6.4,5.8,1,3.8,1
S0651,85.7,6.31,3,3.6,2.8,2.0,7.2,4.2,2,8.3,1
S0652,60.9,7.97,1,4.7,6.7,4.1,7.2,2.3,5,4.5,1
S0653,77.6,6.21,0,5.6,3.9,2.3,4.8,7.6,0,5.4,1
S0654,70.2,8.81,0,4.1,5.9,1.9,5.0,5.1,1,8.6,0
S0655,84.4,7.58,0,2.4,3.7,3.3,8.8,9.8,3,5.5,0
S0656,73.1,6.64,0,4.0,3.4,3.6,8.6,4.5,2,7.9,0
S0657,79.5,6.81,2,5.1,10.0,2.8,6.7,4.2,3,5.6,0
S0658,73.1,10.0,1,1.8,6.5,2.7,2.4,8.1,1,7.9,0
S0659,48.8,7.59,0,5.2,6.5,1.5,6.0,8.9,1,5.4,0
S0660,75.6,7.18,2,6.3,2.4,2.6,8.1,8.5,2,5.4,0
S0661,59.7,6.84,1,0.5,7.1,2.3,6.5,6.5,2,2.3,1
S0662,84.0,8.24,0,5.5,6.3,2.5,3.6,8.3,3,5.0,0
S0663,66.8,5.18,0,0.6,7.2,3.2,7.1,5.5,6,5.3,1
S0664,67.7,6.78,3,7.2,5.9,2.6,7.1,6.3,1,10.0,1
S0665,74.9,3.6,1,2.8,9.5,3.1,6.6,6.7,2,4.9,1
S0666,81.9,6.36,1,3.5,7.3,1.5,2.7,6.9,1,6.5,0
S0667,73.0,8.02,0,6.9,5.6,1.6,1.8,4.3,2,7.9,1
S0668,94.7,8.66,1,3.2,6.3,1.6,9.9,7.4,0,3.9,0
S0669,94.8,7.73,1,6.0,6.5,4.0,5.8,7.3,2,4.9,0
S0670,95.6,7.77,1,3.4,4.8,1.5,6.8,1.0,1,9.4,0
S0671,72.2,4.94,2,6.1,6.1,2.7,7.7,3.8,2,7.0,1
S0672,57.2,6.19,0,4.3,5.7,1.5,3.4,7.5,2,6.2,0
S0673,89.6,8.77,2,5.2,7.9,2.9,5.2,4.2,3,4.2,0
S0674,70.0,6.37,2,2.7,3.8,3.4,6.5,3.9,2,6.6,1
S0675,75.5,6.84,2,3.4,3.0,0.8,5.6,3.3,2,4.8,1
S0676,82.5,6.03,0,5.9,4.9,2.6,6.1,10.0,1,6.2,1
S0677,55.7,5.88,1,6.1,4.1,2.2,6.3,7.4,2,3.3,0
S0678,94.5,6.44,2,5.6,3.9,2.2,5.5,1.6,1,4.6,1
S0679,85.5,6.21,1,3.3,8.6,4.0,5.1,3.0,1,8.4,0
S0680,79.2,8.15,4,7.5,5.6,1.8,6.8,9.3,4,6.2,1
S0681,85.7,7.26,1,5.7,4.4,4.2,5.2,6.8,4,7.5,0
S0682,81.7,8.22,0,7.2,7.4,1.8,6.5,7.1,2,5.6,0
S0683,76.4,5.34,5,5.5,7.9,1.9,4.9,5.1,2,5.8,1
S0684,71.3,8.47,3,3.6,1.3,0.8,1.6,8.0,1,7.3,0
S0685,66.1,7.03,2,6.6,4.0,2.2,4.7,5.6,5,4.9,1
S0686,78.4,9.21,3,6.2,6.6,1.7,5.6,5.9,3,5.5,0
S0687,79.3,6.94,2,3.3,4.3,2.9,3.9,4.3,1,4.7,0
S0688,88.0,5.21,0,4.3,1.7,2.9,8.3,6.1,1,7.7,0
S0689,77.4,8.54,0,8.7,8.0,2.6,8.5,7.4,2,5.0,0
S0690,64.8,6.84,0,1.4,6.0,1.9,8.7,5.2,2,6.9,1
S0691,56.1,4.42,1,8.5,2.6,3.3,6.8,4.8,1,6.8,0
S0692,73.5,7.17,0,5.9,5.5,3.8,9.4,3.0,3,5.0,1
S0693,74.7,7.28,3,1.2,7.6,2.8,3.9,6.8,1,7.4,0
S0694,73.8,8.29,1,4.5,2.8,2.0,5.8,7.2,3,8.2,0
S0695,56.6,3.5,5,2.9,3.8,2.9,2.5,6.1,2,5.7,1
S0696,87.9,8.38,0,3.7,4.1,2.9,4.2,3.5,1,7.0,0
S0697,87.9,6.43,2,3.0,4.3,3.8,7.5,5.9,4,3.6,0
S0698,65.1,9.31,1,8.8,2.1,3.0,4.9,2.8,2,7.5,0
S0699,84.7,4.94,1,2.8,7.6,2.8,9.7,4.8,1,8.6,1
S0700,86.4,7.65,2,6.3,3.7,1.6,7.7,3.2,3,3.9,0
S0701,75.5,7.49,0,6.7,2.0,3.9,5.5,6.2,1,4.9,0
S0702,63.6,6.49,2,5.6,4.9,1.8,4.6,5.9,3,8.5,1
S0703,94.4,6.07,0,2.7,3.1,2.5,6.8,8.6,0,4.6,0
S0704,79.6,6.55,2,4.9,4.7,3.7,8.4,9.8,4,4.2,0
S0705,72.0,6.58,2,6.5,5.9,2.4,6.0,8.3,2,6.2,0
S0706,84.3,5.5,0,3.8,4.3,2.2,4.4,4.6,2,5.3,1
S0707,94.5,8.19,2,8.5,8.1,1.8,1.9,6.1,1,3.6,0
S0708,69.0,5.69,0,3.9,3.9,2.5,1.6,6.7,2,6.9,1
S0709,83.3,8.23,0,7.2,5.2,2.3,7.3,1.6,3,6.3,0
S0710,98.3,4.85,1,7.4,8.2,2.3,9.9,6.5,0,3.1,0
S0711,61.6,6.79,0,2.1,6.4,2.8,4.6,8.8,2,6.1,1
S0712,68.4,6.81,0,6.6,5.1,3.4,7.0,9.3,2,8.4,0
S0713,67.8,6.98,3,4.9,5.3,3.3,5.6,10.0,1,4.9,1
S0714,73.1,8.15,1,4.5,4.4,3.2,5.6,1.9,2,6.0,0
S0715,72.5,6.76,1,8.3,5.2,3.5,5.3,9.0,2,5.9,0
S0716,78.6,6.45,1,5.5,4.7,4.0,9.2,2.8,4,6.4,0
S0717,65.2,6.76,0,3.6,5.8,3.9,7.4,7.2,1,3.6,0
S0718,67.5,8.18,1,3.7,4.0,2.7,4.5,6.6,4,8.2,0
S0719,78.6,5.55,1,1.2,7.9,2.4,4.7,2.8,0,6.3,1
S0720,76.9,5.78,0,4.2,6.4,4.8,4.3,4.4,1,9.8,0
S0721,85.5,4.65,0,7.2,7.9,1.8,6.8,5.5,0,5.6,0
S0722,79.9,9.43,1,6.8,6.2,3.3,7.0,7.2,3,9.0,0
S0723,84.3,5.61,1,4.4,3.7,2.1,6.3,6.4,0,10.0,0
S0724,61.3,4.74,2,5.4,6.4,2.4,8.4,7.5,3,4.3,0
S0725,70.4,6.03,2,5.6,3.1,2.8,3.8,7.0,0,6.0,1
S0726,97.2,6.27,4,6.6,6.4,1.3,1.7,6.9,0,6.1,1
S0727,79.7,8.76,2,4.6,6.8,1.1,6.8,4.9,1,4.5,0
S0728,84.0,6.44,0,2.1,9.5,2.6,3.5,2.5,0,6.5,0
S0729,78.3,7.35,4,5.9,6.2,3.2,6.3,7.2,1,3.5,0
S0730,80.1,4.85,3,4.6,4.6,3.9,9.9,5.1,2,4.6,0
S0731,72.2,7.25,1,6.7,4.5,2.1,9.5,6.1,1,3.6,0
S0732,100.0,5.02,2,5.0,7.7,2.8,9.4,8.2,3,6.7,0
S0733,70.2,6.62,1,6.3,3.1,2.4,10.0,8.8,1,8.3,0
S0734,74.5,6.09,0,4.4,6.7,3.2,4.4,7.6,2,6.6,1
S0735,45.9,7.07,0,5.5,7.5,2.7,5.5,7.5,4,7.5,1
S0736,88.3,7.76,2,5.3,7.2,2.4,3.7,4.7,4,5.6,0
S0737,68.4,5.4,1,3.5,7.5,2.3,5.7,7.2,0,6.8,1
S0738,74.3,5.64,2,2.7,7.1,2.6,6.4,5.2,3,6.1,0
S0739,68.7,7.23,4,5.8,5.3,4.5,7.6,6.4,2,4.4,1
S0740,73.3,7.82,0,5.4,6.5,0.8,7.5,2.5,3,1.0,0
S0741,71.6,8.7,2,5.4,4.8,2.6,3.5,5.1,3,8.3,0
S0742,74.5,6.43,1,6.0,4.9,3.9,6.6,6.7,1,7.4,0
S0743,74.4,5.21,1,1.8,5.3,3.5,5.8,5.0,3,5.6,0
S0744,73.1,7.22,2,7.6,3.9,2.8,9.9,4.6,0,4.7,0
S0745,73.0,6.05,2,10.0,8.1,3.1,9.1,5.1,0,6.2,1
S0746,90.7,5.89,0,1.0,5.4,2.8,2.4,5.0,3,9.2,0
S0747,85.6,8.69,1,6.0,6.8,4.8,5.4,6.0,0,7.7,0
S0748,85.6,7.74,3,8.5,6.0,3.4,3.2,6.0,3,5.2,0
S0749,66.2,6.13,0,4.0,4.5,3.2,5.8,4.1,1,2.8,0
S0750,90.1,6.98,1,2.9,7.0,0.5,8.3,8.6,4,7.7,0
S0751,88.6,6.9,0,4.8,6.7,1.5,7.3,10.0,2,6.7,0
S0752,68.4,7.2,2,4.4,6.1,1.8,4.4,6.1,1,7.2,1
S0753,93.3,6.51,2,5.4,8.9,4.2,1.0,2.6,3,9.3,0
S0754,66.8,4.72,1,7.5,5.8,5.1,7.2,7.3,3,3.0,1
S0755,52.9,5.83,0,6.1,5.8,2.5,6.4,6.5,1,5.5,1
S0756,88.2,6.36,0,3.2,4.5,2.8,5.2,5.1,1,6.4,0
S0757,73.6,7.03,1,5.9,6.3,3.0,8.3,2.7,1,4.5,1
S0758,86.7,5.7,0,3.1,8.8,3.0,3.1,7.0,2,7.7,1
S0759,65.9,7.22,2,5.8,6.0,1.3,4.2,8.2,1,3.5,1
S0760,59.9,6.54,3,8.2,5.3,3.3,4.6,6.9,4,5.1,0
S0761,89.8,6.09,2,6.3,10.0,2.7,7.2,10.0,1,8.4,0
S0762,58.1,5.48,0,6.9,2.2,3.5,7.7,5.4,3,3.4,0
S0763,56.3,7.54,3,4.7,1.9,2.2,5.9,7.6,2,6.6,0
S0764,51.9,7.51,3,4.7,3.8,1.7,3.6,7.7,1,6.7,1
S0765,41.5,7.96,1,3.0,5.1,2.5,10.0,8.1,3,6.0,0
S0766,62.5,7.66,1,5.7,6.2,1.1,6.2,6.6,4,7.6,0
S0767,49.0,7.75,0,3.8,5.3,2.5,6.7,5.0,0,6.0,1
S0768,74.6,7.46,1,7.2,3.2,2.5,8.2,3.5,1,6.4,0
S0769,48.2,4.89,1,4.1,5.8,2.6,6.6,8.4,0,5.4,1
S0770,61.9,6.67,1,3.5,9.1,3.1,4.0,7.4,1,4.8,1
S0771,100.0,5.28,2,3.9,7.9,3.1,4.6,3.5,4,6.6,0
S0772,79.1,8.64,1,2.4,7.8,1.7,5.6,3.9,2,3.6,1
S0773,75.6,6.98,1,7.7,3.6,1.8,4.9,5.1,1,8.0,1
S0774,55.6,8.52,2,6.9,4.4,3.6,7.0,5.0,0,6.1,0
S0775,72.1,5.76,0,5.5,5.6,1.6,8.6,1.0,3,3.8,0
S0776,75.6,6.89,1,7.2,7.7,0.8,8.4,10.0,2,7.3,0
S0777,55.7,7.32,2,2.4,6.7,2.4,8.6,10.0,1,8.6,0
S0778,76.5,6.6,2,5.5,5.0,2.0,6.8,6.2,2,5.0,1
S0779,89.3,7.23,1,2.9,5.6,1.7,4.4,2.9,0,6.3,0
S0780,70.8,8.78,1,2.8,7.1,1.7,7.4,8.0,3,5.9,1
S0781,72.6,5.76,0,3.4,9.7,2.4,1.3,5.6,3,3.8,1
S0782,50.5,3.83,0,5.1,7.1,1.5,8.5,5.4,0,5.6,1
S0783,58.2,8.92,3,5.1,3.4,1.4,8.7,4.3,1,3.7,1
S0784,87.7,6.05,0,4.1,8.0,2.2,5.8,4.2,3,5.3,1
S0785,67.1,8.35,1,1.7,6.7,2.3,6.4,5.3,3,6.5,1
S0786,63.8,7.78,0,4.9,7.5,2.4,5.4,6.6,0,4.1,0
S0787,66.7,6.74,1,7.8,6.1,1.5,5.2,6.1,1,8.6,1
S0788,74.3,7.46,0,5.6,7.4,1.9,9.7,4.7,5,6.7,0
S0789,61.1,5.63,1,2.7,2.7,1.1,5.4,6.7,2,4.7,1
S0790,76.5,7.1,1,6.8,6.5,2.6,8.4,5.6,1,7.1,1
S0791,58.7,7.71,0,2.2,8.3,3.7,7.1,6.1,1,10.0,0
S0792,84.3,6.07,1,6.3,4.7,2.4,1.0,6.8,1,4.9,0
S0793,62.3,6.54,1,0.3,8.9,2.0,7.6,2.6,1,9.5,1
S0794,90.8,7.38,2,7.7,5.6,4.2,6.1,5.6,2,3.9,0
S0795,74.9,8.59,1,10.0,5.4,1.6,6.7,6.7,3,6.8,0
S0796,64.9,7.0,1,3.9,6.2,3.1,6.9,6.4,3,8.5,1
S0797,85.9,6.48,1,4.3,5.0,1.7,6.8,5.1,0,4.6,0
S0798,58.5,6.82,0,1.3,2.7,5.0,4.9,8.7,1,7.8,0
S0799,68.4,8.39,1,5.8,3.3,2.8,1.0,6.9,3,2.2,0
S0800,75.0,6.23,1,3.4,4.2,2.7,6.1,4.0,1,7.7,1
S0801,73.5,6.64,1,8.7,5.4,2.3,7.5,7.5,2,4.6,0
S0802,50.9,6.24,3,6.2,6.0,2.4,4.9,8.8,1,6.7,1
S0803,64.0,6.75,4,5.5,2.3,2.2,7.8,6.0,0,7.5,0
S0804,77.0,7.26,0,2.2,3.7,2.2,7.8,4.3,3,7.1,0
S0805,59.2,8.24,2,6.1,10.0,2.3,6.0,5.1,1,9.6,1
S0806,90.2,4.45,2,6.5,2.8,2.1,8.0,8.8,2,5.1,0
S0807,80.9,7.67,2,6.3,3.6,1.0,2.6,4.2,3,10.0,0
S0808,68.8,5.93,2,6.2,6.2,4.1,2.2,3.8,4,7.7,0
S0809,72.4,7.71,0,2.0,7.1,2.4,10.0,7.1,3,8.9,0
S0810,97.3,8.49,1,1.7,9.9,3.5,6.4,5.2,3,4.8,0
S0811,86.2,8.19,1,5.2,4.9,2.7,5.5,8.8,4,4.4,0
S0812,79.6,7.19,2,4.9,4.8,2.4,9.2,7.0,4,3.3,0
S0813,58.0,8.0,1,5.6,9.7,2.5,3.0,5.6,1,8.0,1
S0814,94.6,5.87,0,5.1,6.3,1.4,7.4,3.6,4,7.0,1
S0815,87.6,6.92,1,6.2,6.5,1.5,4.1,5.6,3,6.6,1
S0816,73.2,8.82,2,4.3,3.5,1.3,5.1,7.9,2,6.8,0
S0817,68.4,6.05,0,9.1,7.3,2.6,5.5,4.2,3,6.4,1
S0818,72.7,7.24,2,1.2,4.5,2.9,3.5,5.3,0,5.4,0
S0819,60.6,6.56,1,7.2,7.9,3.3,3.3,3.6,4,7.0,1
S0820,69.4,6.77,2,5.7,4.6,1.7,4.7,9.7,3,4.2,1
S0821,84.2,7.49,1,6.0,7.1,2.1,4.6,2.4,3,4.5,1
S0822,53.3,6.68,1,6.2,3.8,2.1,7.2,2.0,2,3.6,1
S0823,71.2,7.0,0,6.0,9.8,3.1,5.7,9.3,4,4.0,1
S0824,76.4,6.39,0,7.5,6.5,1.5,7.3,7.0,5,4.1,0
S0825,76.2,4.81,0,3.0,6.1,1.5,2.9,5.8,2,8.7,1
S0826,60.9,7.23,3,6.2,5.4,2.5,7.6,6.0,0,4.8,1
S0827,60.8,7.53,2,3.6,3.7,1.6,7.3,6.2,0,9.3,0
S0828,88.1,8.66,0,4.9,8.6,3.8,9.1,5.6,4,4.0,0
S0829,60.3,6.84,0,4.9,7.3,1.3,10.0,4.7,3,4.3,0
S0830,87.1,5.33,1,2.4,7.3,1.1,8.9,7.5,3,2.7,0
S0831,69.2,6.1,0,7.9,4.9,3.7,10.0,7.0,0,8.2,0
S0832,88.0,7.65,3,4.1,4.6,4.1,5.6,2.0,4,7.2,0
S0833,69.9,6.9,2,9.2,3.7,2.2,9.3,5.6,1,2.5,1
S0834,61.0,7.34,1,2.8,8.3,3.0,8.4,6.6,2,6.6,0
S0835,85.3,6.58,0,6.1,5.3,1.5,4.1,5.3,1,4.3,0
S0836,74.8,9.24,2,4.2,1.0,1.4,4.8,6.9,3,6.5,0
S0837,92.4,9.07,0,7.2,5.1,2.7,5.3,10.0,1,5.6,0
S0838,85.7,5.88,0,5.4,8.5,1.4,5.2,6.9,1,6.9,1
S0839,72.2,8.09,0,6.6,7.4,2.8,5.6,8.5,3,8.8,0
S0840,69.6,7.36,0,2.5,3.2,2.1,6.0,4.8,3,6.9,1
S0841,75.3,7.02,0,6.9,5.6,2.0,8.6,2.3,2,5.5,0
S0842,77.3,5.97,2,5.7,7.7,3.5,4.7,6.1,1,9.4,1
S0843,64.4,8.95,2,5.2,7.2,2.1,6.8,5.5,5,6.2,0
S0844,85.1,8.4,3,3.4,6.5,2.2,3.1,6.5,4,4.9,1
S0845,70.2,5.25,0,5.9,6.1,1.5,6.4,4.2,2,3.6,1
S0846,69.9,8.66,2,6.4,3.3,5.2,8.8,7.0,4,5.7,0
S0847,68.5,6.95,1,8.4,4.3,1.4,5.0,10.0,3,2.1,0
S0848,77.8,6.28,0,7.2,6.2,2.5,6.5,4.1,2,3.5,1
S0849,66.7,5.83,0,6.1,2.9,3.4,5.3,9.0,3,6.7,1
S0850,76.6,8.13,1,5.5,5.1,1.7,4.0,3.8,2,6.4,0
S0851,100.0,7.48,0,6.5,5.0,1.5,3.7,10.0,1,5.7,0
S0852,74.4,5.95,1,3.9,5.5,2.1,5.6,5.0,3,6.2,1
S0853,69.8,6.03,1,3.1,7.0,3.0,5.2,8.0,2,6.2,1
S0854,55.0,6.53,1,6.3,6.6,3.6,4.6,6.7,4,7.1,0
S0855,75.6,6.38,2,4.0,6.4,1.9,7.3,4.9,2,7.1,0
S0856,61.7,7.63,1,6.0,6.5,2.7,6.7,5.3,3,1.8,0
S0857,70.5,7.45,0,5.2,5.3,1.2,7.2,5.4,1,5.7,0
S0858,76.8,6.24,1,2.9,5.0,2.0,4.9,4.5,0,5.6,0
S0859,54.2,5.01,0,3.7,5.2,2.0,6.6,7.4,0,4.1,0
S0860,76.9,5.4,1,1.4,2.3,2.6,7.1,8.1,3,8.7,1
S0861,78.7,8.04,0,6.8,4.3,3.3,10.0,6.5,3,8.4,0
S0862,59.4,5.81,0,3.9,7.9,4.0,8.5,9.9,0,2.4,1
S0863,70.3,7.13,0,8.6,4.9,1.3,7.7,8.2,1,10.0,1
S0864,53.0,4.88,1,3.4,3.9,0.9,5.0,6.8,2,4.0,1
S0865,93.9,7.48,0,7.7,4.3,1.1,5.4,6.6,3,8.0,0
S0866,79.0,9.3,0,9.4,4.3,2.3,8.3,9.5,4,6.6,0
S0867,72.8,5.41,4,7.3,5.8,0.5,3.6,4.3,2,9.0,1
S0868,73.0,7.66,1,6.1,4.2,1.3,8.9,5.2,0,4.2,0
S0869,88.6,7.33,4,7.0,7.6,2.2,9.0,4.5,3,4.1,0
S0870,73.9,8.1,2,4.3,8.2,4.1,4.3,7.6,1,5.8,1
S0871,79.0,6.84,0,9.9,4.8,1.7,6.5,4.3,1,7.8,0
S0872,93.2,7.33,0,10.0,6.4,5.1,5.2,1.0,3,5.8,0
S0873,70.8,7.22,1,2.7,6.8,1.3,10.0,3.9,2,2.7,1
S0874,61.9,7.69,2,4.7,1.8,3.5,8.9,3.0,1,5.1,0
S0875,65.1,5.99,3,2.9,5.6,1.7,5.0,4.5,4,9.0,1
S0876,92.1,7.23,1,8.2,3.1,3.3,4.5,9.5,3,6.0,0
S0877,76.1,7.97,1,3.3,4.3,1.9,7.3,2.8,1,7.9,0
S0878,69.0,8.4,1,3.8,10.0,3.5,5.0,6.2,1,5.7,1
S0879,86.7,7.59,1,5.3,6.7,2.4,5.0,7.4,2,5.4,1
S0880,87.0,5.64,2,5.4,6.6,2.3,6.4,7.6,3,7.4,1
S0881,69.3,5.14,1,4.0,3.7,3.3,1.0,7.5,3,5.2,1
S0882,63.3,7.49,1,7.9,3.7,3.0,4.6,4.9,1,4.9,0
S0883,56.2,5.79,2,3.0,5.1,2.4,9.4,8.5,3,8.1,1
S0884,53.5,8.01,3,1.1,5.2,3.3,3.2,6.4,3,6.8,0
S0885,71.8,6.65,2,6.6,8.2,2.0,6.0,5.2,0,6.5,1
S0886,64.3,8.21,3,7.4,5.8,4.2,6.0,5.8,1,7.3,0
S0887,97.3,9.55,0,6.3,5.0,3.2,6.0,6.5,5,9.1,0
S0888,75.7,6.93,1,8.2,4.7,4.5,8.2,7.4,4,5.2,0
S0889,51.7,6.86,1,2.8,5.5,1.8,8.2,6.1,3,7.7,0
S0890,92.0,8.22,1,2.9,7.0,2.6,6.4,6.2,4,5.0,0
S0891,76.9,8.28,2,5.5,4.5,2.4,5.2,3.1,1,9.8,1
S0892,83.5,9.04,0,4.8,4.3,2.1,6.9,5.5,1,6.4,0
S0893,83.2,7.24,0,4.3,4.9,1.2,4.4,6.6,0,7.6,0
S0894,78.6,6.24,3,3.8,8.8,3.1,7.0,4.8,4,6.7,1
S0895,81.3,7.01,1,3.5,8.9,3.1,6.2,9.7,3,5.6,0
S0896,77.9,6.25,0,7.9,6.7,2.1,6.2,6.6,1,9.7,0
S0897,61.7,7.29,2,6.7,6.4,4.4,8.5,8.0,1,4.2,1
S0898,79.4,5.96,0,4.3,4.7,2.1,4.6,8.0,2,5.4,0
S0899,87.3,8.08,0,3.1,2.4,3.0,7.6,5.7,5,10.0,0
S0900,72.5,7.84,1,2.8,5.8,3.1,5.0,6.1,3,4.7,0
S0901,81.6,7.17,3,5.0,7.0,1.8,5.3,9.1,2,2.9,0
S0902,80.0,7.03,1,4.1,6.1,2.7,6.2,8.8,0,7.7,0
S0903,96.8,6.76,0,4.4,6.4,3.9,7.7,5.1,3,6.4,1
S0904,72.0,8.57,2,2.9,6.8,2.5,5.5,6.5,5,7.8,0
S0905,71.5,8.42,0,6.5,6.0,2.6,10.0,2.4,2,5.6,0
S0906,73.6,7.17,1,5.5,5.7,3.6,5.1,2.7,2,4.7,0
S0907,73.8,5.97,1,4.7,6.4,2.5,7.0,6.7,1,3.1,1
S0908,47.7,5.59,2,5.4,3.2,1.2,9.5,1.6,4,5.4,1
S0909,67.3,7.35,0,6.1,7.5,1.3,8.1,5.5,2,7.1,0
S0910,78.6,6.23,2,3.4,4.0,4.3,5.4,5.2,3,5.5,1
S0911,74.9,7.57,1,5.7,6.9,2.7,5.8,4.7,4,6.2,0
S0912,65.4,6.54,4,3.5,8.0,3.4,8.4,3.7,0,4.8,1
S0913,67.0,7.93,0,5.1,5.4,3.3,3.3,6.7,1,3.1,0
S0914,70.7,7.25,1,4.2,4.0,3.0,5.0,5.7,3,9.5,0
S0915,65.4,8.2,1,4.2,7.6,3.0,6.4,3.1,4,4.8,1
S0916,68.8,4.32,0,5.6,6.7,0.8,6.1,10.0,1,8.3,1
S0917,68.5,6.73,0,4.7,6.4,2.9,6.0,5.7,3,2.9,0
S0918,85.7,9.66,3,4.7,7.2,2.7,2.5,1.4,3,3.1,0
S0919,87.2,4.0,0,5.8,1.8,3.4,9.4,5.9,1,5.3,1
S0920,86.2,8.01,3,3.8,7.3,2.6,3.9,4.2,1,5.3,0
S0921,80.1,7.5,3,5.7,3.9,1.7,6.5,5.8,2,6.5,0
S0922,66.5,8.54,0,0.8,8.1,2.8,3.4,8.7,1,3.6,1
S0923,86.5,6.79,1,5.2,4.6,3.7,5.0,5.0,2,6.1,0
S0924,71.2,8.43,0,3.4,5.5,1.0,5.6,4.5,1,7.6,0
S0925,75.3,8.46,1,7.5,4.6,4.4,8.1,3.7,2,9.3,0
S0926,91.1,7.24,0,2.2,3.8,4.2,6.3,5.3,1,6.1,0
S0927,76.0,5.6,3,4.7,10.0,2.5,8.3,5.3,4,6.1,1
S0928,78.0,8.1,0,5.1,3.0,2.9,6.4,4.0,2,4.7,0
S0929,58.0,5.83,3,6.4,5.8,3.2,4.9,7.5,1,4.6,0
S0930,80.8,6.84,0,2.8,2.7,2.6,7.0,5.6,2,8.0,0
S0931,63.2,8.14,1,2.6,3.9,2.9,7.4,5.9,3,5.3,1
S0932,87.1,8.31,1,5.3,9.6,1.4,7.7,8.6,3,5.5,0
S0933,72.8,6.58,2,6.3,1.5,2.1,9.5,7.9,6,7.2,0
S0934,48.2,7.75,2,6.0,6.5,3.0,6.5,3.2,0,9.5,0
S0935,70.7,5.15,0,6.2,7.1,3.8,5.9,4.8,0,9.1,1
S0936,72.3,6.43,0,6.2,4.0,2.3,3.1,5.8,4,7.1,0
S0937,80.8,8.76,1,9.1,3.8,1.6,5.3,6.7,1,5.3,0
S0938,83.0,8.61,2,4.7,7.6,1.5,5.2,5.2,3,8.4,0
S0939,71.1,7.8,0,4.6,4.0,3.5,3.5,5.2,1,3.7,0
S0940,87.2,6.83,3,1.4,2.6,2.5,4.7,5.2,0,4.6,1
S0941,37.0,8.02,1,6.1,8.3,0.8,2.3,4.0,2,5.1,0
S0942,66.4,6.97,1,3.7,5.2,1.1,7.2,5.7,2,7.5,1
S0943,61.7,7.2,6,4.8,5.7,2.3,4.4,5.9,1,8.4,1
S0944,59.9,7.11,0,5.3,3.0,2.8,3.3,7.1,5,1.9,0
S0945,86.5,6.07,2,3.3,6.7,1.9,5.4,5.5,2,5.0,0
S0946,85.0,7.87,4,6.8,5.9,3.4,5.6,4.5,3,7.0,1
S0947,65.7,5.72,2,2.5,5.3,2.4,7.9,4.8,0,4.9,1
S0948,89.1,7.93,0,3.4,5.2,2.1,7.0,3.9,4,2.5,1
S0949,76.2,5.85,1,3.6,7.4,4.0,10.0,3.2,1,2.9,0
S0950,69.9,6.13,2,3.2,6.0,1.3,6.2,8.1,2,6.4,1
S0951,66.7,3.59,2,2.7,5.9,2.1,4.7,8.1,2,4.6,1
S0952,65.7,6.81,1,4.0,3.5,2.0,5.4,5.1,1,5.8,1
S0953,80.7,7.23,1,4.1,4.8,2.4,4.6,6.6,1,5.6,1
S0954,82.8,7.99,3,9.0,3.1,2.7,3.4,6.9,1,4.5,0
S0955,77.9,8.57,1,6.9,3.8,2.7,3.6,7.9,3,4.5,0
S0956,50.4,5.21,1,5.2,4.5,3.3,5.6,8.5,2,3.8,1
S0957,78.6,8.18,3,3.8,8.0,3.5,3.0,3.3,4,3.8,1
S0958,81.8,6.44,0,3.5,3.6,1.4,5.9,10.0,1,7.7,0
S0959,67.0,6.91,2,2.2,4.9,2.0,4.2,9.2,2,5.4,1
S0960,75.5,6.87,1,4.0,3.0,4.8,7.9,6.6,4,5.1,0
S0961,52.6,6.46,1,4.0,6.4,3.4,6.4,5.4,2,5.3,1
S0962,60.2,5.93,1,6.0,5.7,2.5,5.6,5.0,3,4.6,1
S0963,71.1,7.34,1,3.8,6.4,2.3,4.4,5.6,0,6.6,0
S0964,71.3,7.97,2,5.2,2.6,2.3,7.4,6.2,0,7.2,0
S0965,79.2,5.49,1,7.2,7.4,1.8,4.7,6.6,0,1.0,1
S0966,60.8,6.98,4,9.5,10.0,3.8,7.6,8.1,5,5.0,1
S0967,70.9,6.25,1,1.2,4.3,2.8,8.9,5.7,5,5.4,1
S0968,69.1,8.32,2,4.8,5.9,0.8,7.4,7.4,5,6.2,0
S0969,81.3,7.59,3,2.5,8.9,3.9,7.6,5.8,4,6.4,0
S0970,92.1,8.81,1,10.0,5.1,1.6,7.1,9.4,2,8.5,0
S0971,95.7,5.14,0,2.3,1.8,2.1,8.9,5.0,2,9.8,0
S0972,56.2,8.24,1,7.4,6.2,2.3,1.2,4.5,3,8.8,1
S0973,74.4,7.2,1,6.5,6.3,2.2,4.6,5.3,5,5.1,0
S0974,61.6,6.13,0,3.2,6.5,1.2,3.6,3.2,2,5.7,1
S0975,74.2,7.59,0,3.3,5.9,4.6,3.5,3.5,2,7.2,1
S0976,80.1,8.88,2,5.9,7.3,2.7,6.8,8.9,4,4.4,0
S0977,76.0,8.93,0,6.8,8.2,2.3,3.5,6.3,1,9.8,0
S0978,74.4,7.99,0,7.5,5.0,3.0,7.6,8.0,2,4.8,0
S0979,92.8,5.81,4,5.5,3.3,1.4,3.4,5.5,4,5.1,0
S0980,83.7,7.37,0,6.1,7.2,3.4,5.7,6.2,2,10.0,0
S0981,71.7,7.41,0,6.6,7.5,2.6,4.1,5.4,3,8.0,1
S0982,75.3,8.49,1,2.9,2.0,4.0,6.0,7.7,3,5.3,0
S0983,85.5,6.8,1,7.4,2.3,1.0,7.0,8.4,1,5.2,0
S0984,82.3,7.02,0,5.2,4.7,1.0,4.2,6.5,0,9.1,0
S0985,69.9,6.22,1,5.6,5.1,2.6,8.3,7.8,5,8.3,0
S0986,53.7,7.8,1,3.6,8.2,2.3,6.2,7.7,2,5.9,0
S0987,60.8,6.74,1,2.5,4.2,2.2,8.5,6.0,0,7.0,1
S0988,76.8,7.22,1,3.0,7.3,2.0,4.7,5.8,0,10.0,1
S0989,53.6,6.44,1,4.0,7.8,2.2,5.8,6.0,1,3.9,1
S0990,73.2,7.06,4,2.8,2.5,3.5,4.1,7.9,1,6.4,0
S0991,69.6,5.7,0,8.4,8.6,1.8,6.4,4.8,1,7.7,1
S0992,87.0,7.19,0,4.8,4.5,2.4,3.6,6.1,4,4.6,0
S0993,59.2,6.28,1,7.1,8.0,2.2,6.8,6.0,2,6.9,1
S0994,51.8,7.84,0,3.0,8.8,3.2,9.3,4.4,4,6.0,0
S0995,70.0,9.22,2,7.1,6.7,1.3,9.8,5.0,1,6.8,0
S0996,82.6,8.01,2,6.2,3.6,3.9,7.7,5.5,1,2.7,0
S0997,87.8,5.66,1,1.0,3.0,1.5,8.1,4.3,0,8.7,0
S0998,64.1,6.57,1,5.6,9.1,3.0,1.1,10.0,5,9.1,0
S0999,80.6,5.07,1,6.8,7.4,1.5,4.5,6.8,3,7.4,1
S1000,61.7,7.02,1,4.8,4.5,4.0,5.7,9.2,1,5.4,0
